{
    "type": "FaceSlimer",
    "id": "瘦脸",
    "name_en": "FaceSlimer",
    "name_cn": "瘦脸",
    "thumbnail": "thumbnail.jpg",
    "version": 1.0,
    "params": {
        "ratio": 0.800000011920929,
        "lamba": 20.0,
        "width": 1024,
        "height": 1024,
        "face_rect": [
            73,
            186,
            359,
            359
        ],
        "orien_angle": [
            -0.0033924200106412174,
            0.9999942779541016
        ],
        "left_length": 144.2033233642578,
        "center_length": 92.9044418334961,
        "right_length": 144.90916442871095,
        "max_length": 138.4219970703125,
        "control_points": [
            -0.32582616806030276,
            0.024080097675323488,
            -0.31315433979034426,
            -0.10627329349517822,
            -0.2841852903366089,
            -0.23311901092529298,
            -0.2366034984588623,
            -0.35280895233154299,
            -0.18553686141967774,
            -0.42212510108947756,
            -0.12317746877670288,
            -0.481667160987854,
            -0.26673829555511477,
            0.06562691926956177,
            -0.22726398706436158,
            0.10107403993606568,
            -0.06694716215133667,
            -0.22739875316619874,
            -0.03482240438461304,
            -0.23491621017456056,
            -0.2118869423866272,
            -0.006699085235595703,
            -0.16764670610427857,
            0.015093803405761719,
            -0.09797269105911255,
            -0.008306622505187989,
            -0.08237302303314209,
            -0.02804100513458252,
            -0.12798655033111573,
            -0.03205680847167969,
            -0.19475799798965455,
            -0.02173435688018799,
            -0.21958398818969727,
            0.07280856370925904,
            -0.07405471801757813,
            0.04816204309463501,
            -0.14232051372528077,
            0.01480865478515625,
            -0.15105122327804566,
            -0.03414618968963623,
            -0.04295474290847778,
            -0.018970966339111329,
            -0.06673401594161987,
            -0.16273212432861329,
            -0.08513444662094116,
            -0.20091032981872559,
            -0.121989905834198,
            -0.30305659770965578,
            -0.07689011096954346,
            -0.2927738428115845,
            -0.03120112419128418,
            -0.28469908237457278,
            -0.054472506046295169,
            -0.38020145893096926,
            -0.10872620344161987,
            -0.3066897392272949,
            -0.05580270290374756,
            -0.3112325668334961,
            -0.057370901107788089,
            -0.32739901542663576,
            -0.185718834400177,
            -0.1558300256729126,
            -0.16359162330627442,
            0.3591635823249817,
            -0.19167977571487428,
            0.007757961750030518,
            -0.11828714609146118,
            0.0067539215087890629,
            -0.10533410310745239,
            -0.028255701065063478,
            -0.17387115955352784,
            -0.030913949012756349,
            -0.13601207733154298,
            0.2073323130607605,
            -0.04465407133102417,
            -0.11691784858703613,
            -0.17195290327072144,
            -0.3502011299133301,
            -0.289775550365448,
            0.18831825256347657,
            -0.0018866658210754395,
            -0.5223536491394043,
            -0.0008553862571716309,
            -0.011775374412536621,
            -0.0014296174049377442,
            -0.07231056690216065,
            -0.002171814441680908,
            -0.19322466850280763,
            -0.00200575590133667,
            -0.24218952655792237,
            -0.0038280487060546877,
            -0.2902538776397705,
            -0.003170013427734375,
            -0.39036548137664797,
            -0.0032030344009399416,
            -0.31499385833740237,
            -0.0026595592498779299,
            -0.3351956605911255,
            0.00046122074127197266,
            0.1696721911430359,
            -0.001230001449584961,
            0.3591635823249817,
            -0.0003572702407836914,
            0.03625589609146118,
            0.1182096004486084,
            -0.48096299171447756,
            0.18092584609985352,
            -0.42185020446777346,
            0.23245108127593995,
            -0.3528127670288086,
            0.28218936920166018,
            -0.23340070247650147,
            0.3128868341445923,
            -0.10749459266662598,
            0.3283810615539551,
            0.022144436836242677,
            0.22837114334106446,
            0.09921044111251831,
            0.26828503608703616,
            0.06244903802871704,
            0.030919551849365236,
            -0.23427939414978028,
            0.06297445297241211,
            -0.22645306587219239,
            0.07978129386901856,
            -0.027884840965270997,
            0.09561526775360108,
            -0.008433699607849121,
            0.16518759727478028,
            0.014587819576263428,
            0.20924580097198487,
            -0.007015705108642578,
            0.1921544075012207,
            -0.0219728946685791,
            0.12539076805114747,
            -0.031664252281188968,
            0.07358813285827637,
            0.048367202281951907,
            0.2207324504852295,
            0.07087284326553345,
            0.13993167877197267,
            0.014333903789520264,
            0.14841997623443604,
            -0.0339275598526001,
            0.04177546501159668,
            -0.01888442039489746,
            0.06228351593017578,
            -0.16174018383026124,
            0.08120298385620117,
            -0.1998281478881836,
            0.023720860481262208,
            -0.28482234477996828,
            0.07197070121765137,
            -0.29296648502349856,
            0.12088656425476074,
            -0.30206263065338137,
            0.04986143112182617,
            -0.38001370429992678,
            0.05136311054229736,
            -0.31099045276641848,
            0.10681438446044922,
            -0.3059706687927246,
            0.05421876907348633,
            -0.32792603969573977,
            0.1830742359161377,
            -0.15579307079315186,
            0.15981817245483399,
            0.3591635823249817,
            0.189156174659729,
            0.007310390472412109,
            0.11598050594329834,
            0.006392538547515869,
            0.10276186466217041,
            -0.02789449691772461,
            0.17124223709106446,
            -0.030947446823120118,
            0.13724803924560548,
            0.20922279357910157,
            0.039580345153808597,
            -0.1160351037979126,
            0.16908013820648194,
            -0.34965455532073977,
            0.2937380075454712,
            0.19140994548797608
        ],