{
    "type": "FaceSlimer",
    "id": "瘦脸",
    "name_en": "FaceSlimer",
    "name_cn": "瘦脸",
    "thumbnail": "thumbnail.jpg",
    "version": 1.0,
    "params": {
        "ratio": 0.800000011920929,
        "lamba": 20.0,
        "width": 1024,
        "height": 1024,
        "face_rect": [
            73,
            186,
            359,
            359
        ],
        "orien_angle": [
            -0.0033924200106412174,
            0.9999942779541016
        ],
        "left_length": 144.2033233642578,
        "center_length": 92.9044418334961,
        "right_length": 144.90916442871095,
        "max_length": 138.4219970703125,
        "control_points": [
            -0.32582610845565798,
            0.02407979965209961,
            -0.3131546974182129,
            -0.10627341270446778,
            -0.1808118224143982,
            -0.43665432929992678,
            -0.11439114809036255,
            -0.49815499782562258,
            -0.2667381763458252,
            0.06562703847885132,
            -0.22726380825042725,
            0.10107433795928955,
            -0.06694704294204712,
            -0.22739827632904054,
            -0.034822046756744388,
            -0.2349158525466919,
            -0.21188676357269288,
            -0.006699085235595703,
            -0.16764652729034425,
            0.015093803405761719,
            -0.097972571849823,
            -0.008306622505187989,
            -0.08237308263778687,
            -0.028040766716003419,
            -0.12798649072647096,
            -0.032056570053100589,
            -0.194757878780365,
            -0.02173435688018799,
            -0.21958398818969727,
            0.07280850410461426,
            -0.07405459880828858,
            0.04816204309463501,
            -0.1423203945159912,
            0.01480865478515625,
            -0.151050865650177,
            -0.03414642810821533,
            -0.04295492172241211,
            -0.018970847129821779,
            -0.06673431396484375,
            -0.16273236274719239,
            -0.08513486385345459,
            -0.20090973377227784,
            -0.12199008464813233,
            -0.30305659770965578,
            -0.07689064741134644,
            -0.2927734851837158,
            -0.031200885772705079,
            -0.28469908237457278,
            -0.055350542068481448,
            -0.3825337886810303,
            -0.10872656106948853,
            -0.30668962001800539,
            -0.05580258369445801,
            -0.311232328414917,
            -0.057370662689208987,
            -0.32739877700805666,
            -0.185718834400177,
            -0.1558295488357544,
            -0.15441149473190309,
            0.33730465173721316,
            -0.19167977571487428,
            0.007757902145385742,
            -0.11828702688217163,
            0.0067539215087890629,
            -0.10533404350280762,
            -0.028255820274353029,
            -0.17387109994888307,
            -0.030913949012756349,
            -0.07697618007659912,
            0.2534884214401245,
            -0.13601166009902955,
            0.20733219385147096,
            -0.044654250144958499,
            -0.11691784858703613,
            -0.28977519273757937,
            0.1883183717727661,
            -0.003690063953399658,
            -0.5473555326461792,
            -0.0008553266525268555,
            -0.011775612831115723,
            -0.0014296174049377442,
            -0.07231056690216065,
            -0.0021713972091674806,
            -0.19322454929351808,
            -0.00200575590133667,
            -0.2421894073486328,
            -0.003827989101409912,
            -0.29025375843048098,
            -0.003690063953399658,
            -0.39729392528533938,
            -0.0032033324241638185,
            -0.314994215965271,
            -0.0026603341102600099,
            -0.33519601821899416,
            0.00046122074127197266,
            0.16967201232910157,
            0.0017758607864379883,
            0.35111916065216067,
            -0.000357210636138916,
            0.036255598068237308,
            0.11061763763427735,
            -0.49815499782562258,
            0.17703843116760255,
            -0.43665432929992678,
            0.3128870725631714,
            -0.10749387741088867,
            0.32838118076324465,
            0.022144556045532228,
            0.22837138175964356,
            0.09921109676361084,
            0.26828527450561526,
            0.06244939565658569,
            0.03092014789581299,
            -0.23427939414978028,
            0.06297457218170166,
            -0.22645306587219239,
            0.07978129386901856,
            -0.027884960174560548,
            0.09561538696289063,
            -0.008433699607849121,
            0.16518747806549073,
            0.014587819576263428,
            0.20924615859985352,
            -0.007015705108642578,
            0.1921544075012207,
            -0.02197277545928955,
            0.1253906488418579,
            -0.031664252281188968,
            0.07358777523040772,
            0.04836714267730713,
            0.22073256969451905,
            0.07087332010269165,
            0.13993167877197267,
            0.014333903789520264,
            0.14841985702514649,
            -0.0339277982711792,
            0.04177534580230713,
            -0.018884897232055665,
            0.06228339672088623,
            -0.16174018383026124,
            0.08120310306549072,
            -0.1998286247253418,
            0.023720860481262208,
            -0.2848222255706787,
            0.07197117805480957,
            -0.29296720027923586,
            0.12088680267333985,
            -0.30206263065338137,
            0.051577091217041019,
            -0.3825337886810303,
            0.051363348960876468,
            -0.31099021434783938,
            0.10681462287902832,
            -0.3059709072113037,
            0.05421936511993408,
            -0.3279259204864502,
            0.1830747127532959,
            -0.15579307079315186,
            0.15017199516296388,
            0.3394315838813782,
            0.18915629386901856,
            0.007310450077056885,
            0.11598050594329834,
            0.006392478942871094,
            0.10276186466217041,
            -0.02789473533630371,
            0.171242356300354,
            -0.030947566032409669,
            0.07531678676605225,
            0.2545527219772339,
            0.13724827766418458,
            0.209222674369812,
            0.039580464363098147,
            -0.1160355806350708,
            0.29373836517333987,
            0.1914101243019104
        ],