{
    "type": "FaceSlimer",
    "id": "瘦脸",
    "name_en": "FaceSlimer",
    "name_cn": "瘦脸",
    "thumbnail": "thumbnail.jpg",
    "version": 1.0,
    "params": {
        "ratio": 0.800000011920929,
        "lamba": 20.0,
        "width": 1024,
        "height": 1024,
        "face_rect": [
            73,
            186,
            359,
            359
        ],
        "orien_angle": [
            -0.0033924200106412174,
            0.9999942779541016
        ],
        "left_length": 144.2033233642578,
        "center_length": 92.9044418334961,
        "right_length": 144.90916442871095,
        "max_length": 138.4219970703125,
        "control_points": [
            -0.3158552050590515,
            0.026217222213745118,
            -0.2954822778701782,
            -0.10378515720367432,
            -0.26129424571990969,
            -0.22344326972961427,
            -0.21001219749450684,
            -0.3260073661804199,
            -0.15628814697265626,
            -0.40903544425964358,
            -0.09279608726501465,
            -0.4603174924850464,
            -0.26673829555511477,
            0.06562703847885132,
            -0.22726380825042725,
            0.10107409954071045,
            -0.06117355823516846,
            -0.22596752643585206,
            -0.03482186794281006,
            -0.23491644859313966,
            -0.21188664436340333,
            -0.0066994428634643559,
            -0.1676463484764099,
            0.015093803405761719,
            -0.09797245264053345,
            -0.008306741714477539,
            -0.08237278461456299,
            -0.02804112434387207,
            -0.12798595428466798,
            -0.03205680847167969,
            -0.194757878780365,
            -0.02173435688018799,
            -0.21958398818969727,
            0.07280856370925904,
            -0.07405459880828858,
            0.04816204309463501,
            -0.14232033491134644,
            0.014808297157287598,
            -0.15105098485946656,
            -0.03414642810821533,
            -0.042955100536346439,
            -0.018970966339111329,
            -0.06117355823516846,
            -0.16604244709014893,
            -0.07865166664123535,
            -0.20099878311157227,
            -0.1186017394065857,
            -0.29088640213012698,
            -0.07116103172302246,
            -0.28339576721191409,
            -0.03121095895767212,
            -0.27590513229370119,
            -0.04868912696838379,
            -0.35830211639404299,
            -0.09612983465194702,
            -0.3108614683151245,
            -0.05495941638946533,
            -0.30087387561798098,
            -0.05342453718185425,
            -0.3182094097137451,
            -0.18571895360946656,
            -0.1558302640914917,
            -0.1544121503829956,
            0.3373047709465027,
            -0.19167977571487428,
            0.007757902145385742,
            -0.11828696727752686,
            0.006753861904144287,
            -0.10533350706100464,
            -0.028255939483642579,
            -0.17387092113494874,
            -0.030913949012756349,
            -0.07697659730911255,
            0.2534882426261902,
            -0.13601171970367433,
            0.20733201503753663,
            -0.04465442895889282,
            -0.11691820621490479,
            -0.28977543115615847,
            0.1883181929588318,
            0.0,
            -0.4920635223388672,
            -0.0008553862571716309,
            -0.011775493621826172,
            -0.0014295578002929688,
            -0.07231104373931885,
            -0.002171754837036133,
            -0.19322502613067628,
            -0.00200575590133667,
            -0.24218976497650147,
            -0.0037453174591064455,
            -0.28339576721191409,
            -0.0012484192848205567,
            -0.37328338623046877,
            -0.0037453174591064455,
            -0.30836451053619387,
            -0.0012484192848205567,
            -0.3308364152908325,
            0.0004608631134033203,
            0.16967177391052247,
            0.0017751455307006837,
            0.3511192202568054,
            -0.0003573894500732422,
            0.036255717277526858,
            0.08902263641357422,
            -0.4603174924850464,
            0.15251469612121583,
            -0.40903544425964358,
            0.2062387466430664,
            -0.3260073661804199,
            0.25752079486846926,
            -0.22344326972961427,
            0.2917088270187378,
            -0.10378515720367432,
            0.31208181381225588,
            0.026217222213745118,
            0.22837138175964356,
            0.09921073913574219,
            0.26828527450561526,
            0.06244891881942749,
            0.030919909477233888,
            -0.23427963256835938,
            0.05740010738372803,
            -0.22596752643585206,
            0.07978105545043946,
            -0.02788519859313965,
            0.09561538696289063,
            -0.008433938026428223,
            0.16518759727478028,
            0.01458752155303955,
            0.20924603939056397,
            -0.007015705108642578,
            0.1921541690826416,
            -0.021973013877868654,
            0.1253906488418579,
            -0.031664371490478519,
            0.07358789443969727,
            0.048367202281951907,
            0.22073256969451905,
            0.07087284326553345,
            0.13993167877197267,
            0.01433408260345459,
            0.14841938018798829,
            -0.03392791748046875,
            0.04177522659301758,
            -0.018885135650634767,
            0.05740010738372803,
            -0.16604244709014893,
            0.07487821578979492,
            -0.20099878311157227,
            0.027437448501586915,
            -0.27590513229370119,
            0.06738758087158203,
            -0.28339576721191409,
            0.11482834815979004,
            -0.29088640213012698,
            0.04491567611694336,
            -0.35830211639404299,
            0.0511859655380249,
            -0.30087387561798098,
            0.09235644340515137,
            -0.3108614683151245,
            0.05046343803405762,
            -0.3189361095428467,
            0.18307435512542725,
            -0.15579330921173097,
            0.15017199516296388,
            0.3394317030906677,
            0.1891564130783081,
            0.007310688495635986,
            0.11598026752471924,
            0.006392061710357666,
            0.10276174545288086,
            -0.02789473533630371,
            0.17124223709106446,
            -0.030947446823120118,
            0.0753164291381836,
            0.2545527219772339,
            0.13724803924560548,
            0.2092227339744568,
            0.039580583572387698,
            -0.11603546142578125,
            0.29373812675476076,
            0.1914101243019104
        ],