{
    "type": "FaceSlimer",
    "id": "瘦脸",
    "name_en": "FaceSlimer",
    "name_cn": "瘦脸",
    "thumbnail": "thumbnail.jpg",
    "version": 1.0,
    "params": {
        "ratio": 0.800000011920929,
        "lamba": 20.0,
        "width": 1024,
        "height": 1024,
        "face_rect": [
            73,
            186,
            359,
            359
        ],
        "orien_angle": [
            -0.0033924200106412174,
            0.9999942779541016
        ],
        "left_length": 144.2033233642578,
        "center_length": 92.9044418334961,
        "right_length": 144.90916442871095,
        "max_length": 138.4219970703125,
        "control_points": [
            -0.307692289352417,
            0.03296703100204468,
            -0.2988929748535156,
            -0.09594094753265381,
            -0.2619926333427429,
            -0.22386229038238526,
            -0.21279209852218629,
            -0.34440338611602785,
            -0.1586715579032898,
            -0.42312419414520266,
            -0.10112357139587403,
            -0.483146071434021,
            -0.26673829555511477,
            0.06562650203704834,
            -0.2272636890411377,
            0.10107386112213135,
            -0.05867666006088257,
            -0.22596752643585206,
            -0.034822285175323489,
            -0.2349163293838501,
            -0.21188658475875855,
            -0.006699085235595703,
            -0.1676464080810547,
            0.015093743801116944,
            -0.09797251224517822,
            -0.008306741714477539,
            -0.08237284421920777,
            -0.028041362762451173,
            -0.12798619270324708,
            -0.03205692768096924,
            -0.19475775957107545,
            -0.02173435688018799,
            -0.21958380937576295,
            0.07280820608139038,
            -0.0740545392036438,
            0.04816180467605591,
            -0.14232021570205689,
            0.014808297157287598,
            -0.15105080604553224,
            -0.03414642810821533,
            -0.04295516014099121,
            -0.01897108554840088,
            -0.06367039680480957,
            -0.1635456085205078,
            -0.07865166664123535,
            -0.20099878311157227,
            -0.12199044227600098,
            -0.30305683612823489,
            -0.07689076662063599,
            -0.29277360439300539,
            -0.031201064586639406,
            -0.2846994400024414,
            -0.05447232723236084,
            -0.38020169734954836,
            -0.1087263822555542,
            -0.3066892623901367,
            -0.05580264329910278,
            -0.31123244762420657,
            -0.05737107992172241,
            -0.327398419380188,
            -0.18571919202804566,
            -0.1558297872543335,
            -0.15441203117370606,
            0.33730411529541018,
            -0.1916797161102295,
            0.007757782936096191,
            -0.11828696727752686,
            0.006753861904144287,
            -0.10533386468887329,
            -0.028255939483642579,
            -0.1738709807395935,
            -0.030913949012756349,
            -0.076976478099823,
            0.25348782539367678,
            -0.13601183891296388,
            0.20733124017715455,
            -0.04465454816818237,
            -0.11691808700561524,
            -0.2897753119468689,
            0.18831783533096314,
            -0.0037453174591064455,
            -0.5131086111068726,
            -0.0008555054664611816,
            -0.011775970458984375,
            -0.001429736614227295,
            -0.07231128215789795,
            -0.0021721720695495607,
            -0.19322502613067628,
            -0.0020055770874023439,
            -0.24218976497650147,
            -0.0038277506828308107,
            -0.2902538776397705,
            -0.0031698942184448244,
            -0.3903656005859375,
            -0.003203153610229492,
            -0.31499433517456057,
            -0.0026603341102600099,
            -0.3351956605911255,
            0.0004608631134033203,
            0.16967135667800904,
            0.0017752647399902344,
            0.3511185050010681,
            -0.00035756826400756836,
            0.03625530004501343,
            0.0973501205444336,
            -0.483146071434021,
            0.15489816665649415,
            -0.42312419414520266,
            0.20901870727539063,
            -0.34440338611602785,
            0.25821924209594729,
            -0.22386229038238526,
            0.2951195240020752,
            -0.09594094753265381,
            0.30391883850097659,
            0.03296703100204468,
            0.22837090492248536,
            0.09921008348464966,
            0.26828503608703616,
            0.06244868040084839,
            0.030919790267944337,
            -0.23427951335906983,
            0.054903268814086917,
            -0.22596752643585206,
            0.07978105545043946,
            -0.027885079383850099,
            0.09561526775360108,
            -0.008433938026428223,
            0.16518747806549073,
            0.014587879180908203,
            0.20924603939056397,
            -0.0070154666900634769,
            0.1921541690826416,
            -0.02197253704071045,
            0.12539052963256837,
            -0.031664252281188968,
            0.07358777523040772,
            0.048366665840148929,
            0.2207324504852295,
            0.07087290287017822,
            0.1399315595626831,
            0.014333724975585938,
            0.14841985702514649,
            -0.03392767906188965,
            0.04177546501159668,
            -0.018885374069213868,
            0.05989694595336914,
            -0.1635456085205078,
            0.07487821578979492,
            -0.20099878311157227,
            0.023720741271972657,
            -0.28482282161712649,
            0.07197070121765137,
            -0.2929670810699463,
            0.12088608741760254,
            -0.3020622730255127,
            0.04986131191253662,
            -0.3800143003463745,
            0.05136311054229736,
            -0.3109903335571289,
            0.10681438446044922,
            -0.3059704303741455,
            0.05421853065490723,
            -0.32792603969573977,
            0.18307411670684815,
            -0.1557929515838623,
            0.15017187595367433,
            0.3394310474395752,
            0.18915629386901856,
            0.0073105692863464359,
            0.11598050594329834,
            0.006392538547515869,
            0.10276174545288086,
            -0.02789461612701416,
            0.17124223709106446,
            -0.030947089195251466,
            0.07531619071960449,
            0.2545520067214966,
            0.13724815845489503,
            0.20922207832336427,
            0.03957974910736084,
            -0.11603569984436035,
            0.29373812675476076,
            0.1914098858833313
        ],