{
    "type": "FaceSlimer",
    "id": "瘦脸",
    "name_en": "FaceSlimer",
    "name_cn": "瘦脸",
    "thumbnail": "thumbnail.jpg",
    "version": 1.0,
    "params": {
        "ratio": 0.800000011920929,
        "lamba": 20.0,
        "width": 1024,
        "height": 1024,
        "face_rect": [
            73,
            186,
            359,
            359
        ],
        "orien_angle": [
            -0.0033924200106412174,
            0.9999942779541016
        ],
        "left_length": 144.2033233642578,
        "center_length": 92.9044418334961,
        "right_length": 144.90916442871095,
        "max_length": 138.4219970703125,
        "control_points": [
            -0.3158552050590515,
            0.026217222213745118,
            -0.30087393522262576,
            -0.09862673282623291,
            -0.2634207010269165,
            -0.23345816135406495,
            -0.21847689151763917,
            -0.34831464290618899,
            -0.17103618383407594,
            -0.425717830657959,
            -0.11360800266265869,
            -0.4781522750854492,
            -0.26673847436904909,
            0.06562685966491699,
            -0.22726380825042725,
            0.10107421875,
            -0.06694704294204712,
            -0.22739827632904054,
            -0.03482198715209961,
            -0.23491621017456056,
            -0.21188676357269288,
            -0.006698966026306152,
            -0.167646586894989,
            0.015093863010406495,
            -0.097972571849823,
            -0.008306622505187989,
            -0.08237308263778687,
            -0.02804100513458252,
            -0.12798649072647096,
            -0.032056570053100589,
            -0.19475781917572022,
            -0.02173435688018799,
            -0.21958404779434205,
            0.07280874252319336,
            -0.0740545392036438,
            0.048161983489990237,
            -0.14232033491134644,
            0.0148085355758667,
            -0.15105080604553224,
            -0.034146785736083987,
            -0.042955100536346439,
            -0.018970727920532228,
            -0.0667341947555542,
            -0.16273260116577149,
            -0.08513444662094116,
            -0.20091021060943604,
            -0.12199008464813233,
            -0.3030564785003662,
            -0.07689034938812256,
            -0.29277360439300539,
            -0.031200885772705079,
            -0.28469908237457278,
            -0.05447268486022949,
            -0.38020145893096926,
            -0.10872632265090943,
            -0.30668962001800539,
            -0.05580240488052368,
            -0.3112320899963379,
            -0.05737084150314331,
            -0.327398419380188,
            -0.18571841716766358,
            -0.15582942962646485,
            -0.19167959690093995,
            0.007758140563964844,
            -0.11828702688217163,
            0.0067539215087890629,
            -0.10533374547958374,
            -0.028255701065063478,
            -0.17387109994888307,
            -0.030913829803466798,
            -0.07697683572769165,
            0.2534884810447693,
            -0.13601171970367433,
            0.20733201503753663,
            -0.04465442895889282,
            -0.11691808700561524,
            -0.17195332050323487,
            -0.3502010107040405,
            -0.0008553862571716309,
            -0.011775374412536621,
            -0.0014297962188720704,
            -0.07231080532073975,
            -0.002171814441680908,
            -0.19322443008422852,
            -0.00200575590133667,
            -0.24218881130218507,
            -0.003827393054962158,
            -0.2902536392211914,
            -0.003169715404510498,
            -0.3903648853302002,
            -0.0032028555870056154,
            -0.3149939775466919,
            -0.002659738063812256,
            -0.33519506454467776,
            0.0004611015319824219,
            0.16967201232910157,
            -0.0003574490547180176,
            0.03625589609146118,
            0.10983455181121826,
            -0.4781522750854492,
            0.16726279258728028,
            -0.425717830657959,
            0.21470344066619874,
            -0.34831464290618899,
            0.2596472501754761,
            -0.23345816135406495,
            0.2971005439758301,
            -0.09862673282623291,
            0.31208181381225588,
            0.026217222213745118,
            0.228371262550354,
            0.09921085834503174,
            0.26828503608703616,
            0.062449097633361819,
            0.03092014789581299,
            -0.23427951335906983,
            0.06297469139099121,
            -0.22645294666290284,
            0.07978129386901856,
            -0.027884840965270997,
            0.09561538696289063,
            -0.00843358039855957,
            0.16518747806549073,
            0.014587879180908203,
            0.20924603939056397,
            -0.007015705108642578,
            0.1921541690826416,
            -0.02197277545928955,
            0.12539076805114747,
            -0.03166401386260986,
            0.07358801364898682,
            0.04836714267730713,
            0.2207324504852295,
            0.070872962474823,
            0.13993167877197267,
            0.014333903789520264,
            0.14842009544372559,
            -0.0339277982711792,
            0.04177534580230713,
            -0.018884778022766115,
            0.06228291988372803,
            -0.16174018383026124,
            0.08120298385620117,
            -0.1998281478881836,
            0.023720860481262208,
            -0.2848222255706787,
            0.07197093963623047,
            -0.29296696186065676,
            0.12088680267333985,
            -0.30206263065338137,
            0.049861907958984378,
            -0.3800135850906372,
            0.051363587379455569,
            -0.31098997592926028,
            0.10681438446044922,
            -0.30597078800201418,
            0.05421948432922363,
            -0.3279259204864502,
            0.18307411670684815,
            -0.15579259395599366,
            0.18915629386901856,
            0.007310628890991211,
            0.11598050594329834,
            0.006392538547515869,
            0.10276198387145996,
            -0.02789437770843506,
            0.171242356300354,
            -0.030947446823120118,
            0.0753164291381836,
            0.25455278158187868,
            0.13724803924560548,
            0.209222674369812,
            0.03958010673522949,
            -0.1160351037979126,
            0.16908025741577149,
            -0.34965384006500246
        ],