{
    "type": "FaceSlimer",
    "id": "瘦脸",
    "name_en": "FaceSlimer",
    "name_cn": "瘦脸",
    "thumbnail": "thumbnail.jpg",
    "version": 1.0,
    "params": {
        "ratio": 0.800000011920929,
        "lamba": 20.0,
        "width": 1024,
        "height": 1024,
        "face_rect": [
            73,
            186,
            359,
            359
        ],
        "orien_angle": [
            -0.0033924200106412174,
            0.9999942779541016
        ],
        "left_length": 144.2033233642578,
        "center_length": 92.9044418334961,
        "right_length": 144.90916442871095,
        "max_length": 138.4219970703125,
        "control_points": [
            -0.3258262276649475,
            0.024079978466033937,
            -0.3131542205810547,
            -0.10627353191375733,
            -0.28418558835983279,
            -0.23311901092529298,
            -0.23660379648208619,
            -0.35280871391296389,
            -0.1855369210243225,
            -0.422124981880188,
            -0.12317758798599243,
            -0.4816685914993286,
            -0.26673847436904909,
            0.06562703847885132,
            -0.2272636890411377,
            0.10107421875,
            -0.041514039039611819,
            -0.225885272026062,
            -0.021978020668029786,
            -0.23809528350830079,
            -0.21188676357269288,
            -0.006699085235595703,
            -0.16764670610427857,
            0.015093863010406495,
            -0.09797298908233643,
            -0.008306741714477539,
            -0.08237326145172119,
            -0.02804088592529297,
            -0.12798655033111573,
            -0.032056570053100589,
            -0.19475805759429933,
            -0.02173435688018799,
            -0.21958404779434205,
            0.07280862331390381,
            -0.07405519485473633,
            0.04816204309463501,
            -0.14232075214385987,
            0.014808714389801026,
            -0.15105116367340089,
            -0.03414630889892578,
            -0.14898067712783814,
            -0.010726571083068848,
            -0.04295551776885986,
            -0.018970727920532228,
            -0.046398043632507327,
            -0.16727721691131593,
            -0.053724050521850589,
            -0.20146524906158448,
            -0.12199026346206665,
            -0.3030564785003662,
            -0.07689046859741211,
            -0.29277360439300539,
            -0.031200826168060304,
            -0.28469955921173098,
            -0.05447274446487427,
            -0.3802018165588379,
            -0.10872679948806763,
            -0.30668962001800539,
            -0.05580264329910278,
            -0.3112325668334961,
            -0.05737107992172241,
            -0.32739901542663576,
            -0.18571895360946656,
            -0.1558305025100708,
            -0.15441203117370606,
            0.3373047709465027,
            -0.1916799545288086,
            0.007757782936096191,
            -0.11828732490539551,
            0.006754100322723389,
            -0.1053343415260315,
            -0.028255701065063478,
            -0.17387133836746217,
            -0.030913949012756349,
            -0.07697659730911255,
            0.2534884214401245,
            -0.13601171970367433,
            0.20733201503753663,
            -0.03121095895767212,
            -0.1235954761505127,
            -0.17195314168930055,
            -0.35020172595977785,
            -0.28977537155151369,
            0.1883183717727661,
            -0.001886904239654541,
            -0.5223537683486939,
            -0.0008553266525268555,
            -0.01177525520324707,
            -0.0014296174049377442,
            -0.07231080532073975,
            -0.0012233853340148926,
            -0.19605541229248048,
            -0.0011754035949707032,
            -0.24343013763427735,
            -0.0038277506828308107,
            -0.2902543544769287,
            -0.003169834613800049,
            -0.3903658390045166,
            -0.00320279598236084,
            -0.314994215965271,
            -0.002659440040588379,
            -0.3351956605911255,
            0.00046074390411376953,
            0.1696721315383911,
            0.0017753839492797852,
            0.3511190414428711,
            -0.0003578662872314453,
            0.036255598068237308,
            0.1182091236114502,
            -0.48096323013305666,
            0.18092572689056397,
            -0.42184948921203616,
            0.2324514389038086,
            -0.35281288623809817,
            0.28218984603881838,
            -0.23340082168579102,
            0.31288671493530276,
            -0.10749399662017822,
            0.3283807039260864,
            0.022144615650177003,
            0.2283710241317749,
            0.09921085834503174,
            0.26828527450561526,
            0.06244927644729614,
            0.018204569816589357,
            -0.23809528350830079,
            0.03774058818817139,
            -0.225885272026062,
            0.07978129386901856,
            -0.0278853178024292,
            0.09561526775360108,
            -0.008434295654296875,
            0.16518735885620118,
            0.014587461948394776,
            0.20924603939056397,
            -0.007015824317932129,
            0.1921541690826416,
            -0.0219728946685791,
            0.12539052963256837,
            -0.031664252281188968,
            0.07358777523040772,
            0.0483669638633728,
            0.2207324504852295,
            0.07087284326553345,
            0.1399315595626831,
            0.01433330774307251,
            0.14841985702514649,
            -0.03392791748046875,
            0.14799010753631593,
            -0.0102461576461792,
            0.04177558422088623,
            -0.018885254859924318,
            0.042624592781066897,
            -0.16727721691131593,
            0.049950599670410159,
            -0.20146524906158448,
            0.02372157573699951,
            -0.2848224639892578,
            0.07197141647338867,
            -0.29296696186065676,
            0.12088727951049805,
            -0.30206298828125,
            0.04986107349395752,
            -0.3800143003463745,
            0.05136370658874512,
            -0.3109910488128662,
            0.10681498050689697,
            -0.30597102642059328,
            0.05421936511993408,
            -0.3279263973236084,
            0.18307435512542725,
            -0.15579307079315186,
            0.15017199516296388,
            0.3394315242767334,
            0.189156174659729,
            0.007310450077056885,
            0.11598050594329834,
            0.006392419338226318,
            0.10276162624359131,
            -0.027894973754882814,
            0.1712421178817749,
            -0.030947327613830568,
            0.0753164291381836,
            0.25455278158187868,
            0.13724803924560548,
            0.209222674369812,
            0.027437448501586915,
            -0.1235954761505127,
            0.16908025741577149,
            -0.3496551513671875,
            0.2937382459640503,
            0.1914101243019104
        ],