{
    "type": "FaceSlimer",
    "id": "瘦脸",
    "name_en": "FaceSlimer",
    "name_cn": "瘦脸",
    "thumbnail": "thumbnail.jpg",
    "version": 1.0,
    "params": {
        "ratio": 0.800000011920929,
        "lamba": 20.0,
        "width": 1024,
        "height": 1024,
        "face_rect": [
            73,
            186,
            359,
            359
        ],
        "orien_angle": [
            -0.0033924200106412174,
            0.9999942779541016
        ],
        "left_length": 144.2033233642578,
        "center_length": 92.9044418334961,
        "right_length": 144.90916442871095,
        "max_length": 138.4219970703125,
        "control_points": [
            -0.3258260488510132,
            0.02408003807067871,
            -0.31315410137176516,
            -0.10627329349517822,
            -0.284185528755188,
            -0.23311936855316163,
            -0.23660367727279664,
            -0.35280871391296389,
            -0.18553709983825684,
            -0.42212486267089846,
            -0.12317728996276856,
            -0.48166728019714358,
            -0.2667383551597595,
            0.06562674045562744,
            -0.2272636890411377,
            0.10107421875,
            -0.06694763898849487,
            -0.22739851474761964,
            -0.034822821617126468,
            -0.2349153757095337,
            -0.22097378969192506,
            -0.006242156028747559,
            -0.17103618383407594,
            0.021223485469818116,
            -0.09363293647766113,
            -0.006242156028747559,
            -0.07980436086654663,
            -0.030009150505065919,
            -0.12109863758087158,
            -0.038701653480529788,
            -0.19850188493728639,
            -0.026217222213745118,
            -0.21958398818969727,
            0.07280856370925904,
            -0.07405436038970947,
            0.04816204309463501,
            -0.13857680559158326,
            0.02372032403945923,
            -0.14856427907943726,
            -0.04369533061981201,
            -0.04295468330383301,
            -0.01897132396697998,
            -0.06673455238342285,
            -0.16273272037506104,
            -0.08513492345809937,
            -0.20091021060943604,
            -0.12199026346206665,
            -0.3030564785003662,
            -0.07689064741134644,
            -0.2927732467651367,
            -0.031201422214508058,
            -0.284698486328125,
            -0.05447256565093994,
            -0.3802008628845215,
            -0.10872691869735718,
            -0.3066892623901367,
            -0.05580258369445801,
            -0.31123197078704836,
            -0.05737125873565674,
            -0.3273981809616089,
            -0.18571895360946656,
            -0.1558300256729126,
            -0.15441203117370606,
            0.3373047113418579,
            -0.19850188493728639,
            0.013732850551605225,
            -0.1111111044883728,
            0.013732850551605225,
            -0.10112357139587403,
            -0.031211018562316896,
            -0.1760299801826477,
            -0.03620469570159912,
            -0.07697659730911255,
            0.25348830223083498,
            -0.13601171970367433,
            0.20733201503753663,
            -0.04465430974960327,
            -0.11691820621490479,
            -0.17195332050323487,
            -0.350200891494751,
            -0.28977543115615847,
            0.1883181929588318,
            -0.001886904239654541,
            -0.5223536491394043,
            -0.0008553266525268555,
            -0.011775612831115723,
            -0.0014296174049377442,
            -0.0723109245300293,
            -0.002172410488128662,
            -0.19322466850280763,
            -0.0020061731338500978,
            -0.2421889305114746,
            -0.0038283467292785646,
            -0.29025352001190188,
            -0.003170013427734375,
            -0.3903651237487793,
            -0.0032038092613220217,
            -0.31499338150024416,
            -0.0026602745056152345,
            -0.33519446849823,
            0.00046062469482421875,
            0.1696719527244568,
            0.0017753839492797852,
            0.35111916065216067,
            -0.0003572702407836914,
            0.0362553596496582,
            0.11820924282073975,
            -0.480962872505188,
            0.18092572689056397,
            -0.42184972763061526,
            0.23245131969451905,
            -0.3528125286102295,
            0.28218960762023928,
            -0.2334003448486328,
            0.31288671493530276,
            -0.10749411582946778,
            0.3283807039260864,
            0.022144436836242677,
            0.22837114334106446,
            0.09921091794967652,
            0.26828503608703616,
            0.06244921684265137,
            0.030919313430786134,
            -0.23427903652191163,
            0.06297433376312256,
            -0.22645318508148194,
            0.07663345336914063,
            -0.02987086772918701,
            0.0898594856262207,
            -0.006242156028747559,
            0.16726279258728028,
            0.021223485469818116,
            0.21720027923583985,
            -0.006242156028747559,
            0.19472837448120118,
            -0.026217222213745118,
            0.11732518672943115,
            -0.038701653480529788,
            0.07358789443969727,
            0.0483669638633728,
            0.22073233127593995,
            0.070872962474823,
            0.13480329513549806,
            0.02372032403945923,
            0.1447908878326416,
            -0.04369533061981201,
            0.04177582263946533,
            -0.018885016441345216,
            0.06228280067443848,
            -0.16174030303955079,
            0.08120250701904297,
            -0.1998279094696045,
            0.02372002601623535,
            -0.28482139110565188,
            0.07197010517120362,
            -0.29296648502349856,
            0.12088620662689209,
            -0.3020622730255127,
            0.04986107349395752,
            -0.380013108253479,
            0.05136275291442871,
            -0.3109898567199707,
            0.10681438446044922,
            -0.3059706687927246,
            0.05421853065490723,
            -0.327925443649292,
            0.18307435512542725,
            -0.1557924747467041,
            0.15017199516296388,
            0.33943164348602297,
            0.19472837448120118,
            0.013732850551605225,
            0.10733771324157715,
            0.013732850551605225,
            0.0973501205444336,
            -0.031211018562316896,
            0.1722564697265625,
            -0.03620469570159912,
            0.0753164291381836,
            0.2545527219772339,
            0.13724803924560548,
            0.209222674369812,
            0.03957986831665039,
            -0.1160351037979126,
            0.16907989978790284,
            -0.34965431690216067,
            0.29373812675476076,
            0.19141024351119996
        ],