{
    "type": "FaceSlimer",
    "id": "瘦脸",
    "name_en": "FaceSlimer",
    "name_cn": "瘦脸",
    "thumbnail": "thumbnail.jpg",
    "version": 1.0,
    "params": {
        "ratio": 0.800000011920929,
        "lamba": 20.0,
        "width": 1024,
        "height": 1024,
        "face_rect": [
            73,
            186,
            359,
            359
        ],
        "orien_angle": [
            -0.0033924200106412174,
            0.9999942779541016
        ],
        "left_length": 144.2033233642578,
        "center_length": 92.9044418334961,
        "right_length": 144.90916442871095,
        "max_length": 138.4219970703125,
        "control_points": [
            -0.32582634687423708,
            0.02407968044281006,
            -0.3136531114578247,
            -0.10209107398986817,
            -0.27350425720214846,
            -0.22832727432250977,
            -0.2124541997909546,
            -0.3382173776626587,
            -0.16849815845489503,
            -0.41880345344543459,
            -0.10500609874725342,
            -0.47741150856018069,
            -0.26673829555511477,
            0.06562685966491699,
            -0.2272636890411377,
            0.10107433795928955,
            -0.06694740056991577,
            -0.22739851474761964,
            -0.034822165966033939,
            -0.23491621017456056,
            -0.21188640594482423,
            -0.006699204444885254,
            -0.16764652729034425,
            0.01509404182434082,
            -0.097972571849823,
            -0.008306622505187989,
            -0.08237284421920777,
            -0.02804088592529297,
            -0.12798631191253663,
            -0.03205668926239014,
            -0.194757878780365,
            -0.021734237670898439,
            -0.21958404779434205,
            0.07280856370925904,
            -0.07405459880828858,
            0.04816246032714844,
            -0.14232033491134644,
            0.0148085355758667,
            -0.15105068683624268,
            -0.03414654731750488,
            -0.042955100536346439,
            -0.018970608711242677,
            -0.06673437356948853,
            -0.16273200511932374,
            -0.08513468503952027,
            -0.20090973377227784,
            -0.12199068069458008,
            -0.3030569553375244,
            -0.07689076662063599,
            -0.29277312755584719,
            -0.03120112419128418,
            -0.28469908237457278,
            -0.05447274446487427,
            -0.3802015781402588,
            -0.10872673988342285,
            -0.30668938159942629,
            -0.05580329895019531,
            -0.311232328414917,
            -0.05737107992172241,
            -0.327398419380188,
            -0.1857185959815979,
            -0.15582990646362306,
            -0.1544121503829956,
            0.33730483055114748,
            -0.1916797161102295,
            0.007757782936096191,
            -0.11828720569610596,
            0.006754100322723389,
            -0.10533392429351807,
            -0.028255820274353029,
            -0.17387115955352784,
            -0.0309140682220459,
            -0.07697659730911255,
            0.2534884810447693,
            -0.13601171970367433,
            0.2073320746421814,
            -0.04465430974960327,
            -0.11691772937774658,
            -0.15621155500411988,
            -0.3505535125732422,
            -0.28977537155151369,
            0.18831855058670045,
            -0.0016520023345947266,
            -0.5225615501403809,
            -0.0008553862571716309,
            -0.01177513599395752,
            -0.0014293789863586426,
            -0.0723104476928711,
            -0.002171754837036133,
            -0.19322443008422852,
            -0.00200575590133667,
            -0.24218952655792237,
            -0.0038282275199890138,
            -0.2902538776397705,
            -0.003169834613800049,
            -0.3903656005859375,
            -0.0032033324241638185,
            -0.31499433517456057,
            -0.002660512924194336,
            -0.33519530296325686,
            0.0004611015319824219,
            0.16967236995697022,
            0.0017752647399902344,
            0.35111939907073977,
            -0.0003573894500732422,
            0.03625619411468506,
            0.10123264789581299,
            -0.47741150856018069,
            0.1647247076034546,
            -0.41880345344543459,
            0.20868074893951417,
            -0.3382173776626587,
            0.269730806350708,
            -0.22832727432250977,
            0.3098796606063843,
            -0.10209107398986817,
            0.3283807039260864,
            0.022143959999084474,
            0.22837114334106446,
            0.09921103715896607,
            0.2682851552963257,
            0.06244927644729614,
            0.030919790267944337,
            -0.23427927494049073,
            0.06297445297241211,
            -0.22645330429077149,
            0.0797814130783081,
            -0.027884960174560548,
            0.09561538696289063,
            -0.008433699607849121,
            0.16518759727478028,
            0.014587879180908203,
            0.20924615859985352,
            -0.0070154666900634769,
            0.1921544075012207,
            -0.02197253704071045,
            0.12539076805114747,
            -0.03166401386260986,
            0.07358813285827637,
            0.04836726188659668,
            0.2207324504852295,
            0.070872962474823,
            0.13993167877197267,
            0.014333903789520264,
            0.14842009544372559,
            -0.0339277982711792,
            0.04177534580230713,
            -0.018884778022766115,
            0.06228315830230713,
            -0.16173994541168214,
            0.08120298385620117,
            -0.1998286247253418,
            0.023720622062683107,
            -0.28482210636138918,
            0.07197070121765137,
            -0.29296720027923586,
            0.12088644504547119,
            -0.3020627498626709,
            0.04986155033111572,
            -0.3800140619277954,
            0.05136251449584961,
            -0.3109903335571289,
            0.10681438446044922,
            -0.30597078800201418,
            0.05421853065490723,
            -0.3279256820678711,
            0.1830742359161377,
            -0.15579307079315186,
            0.15017187595367433,
            0.3394319415092468,
            0.18915629386901856,
            0.0073105692863464359,
            0.11598062515258789,
            0.006392538547515869,
            0.10276174545288086,
            -0.02789449691772461,
            0.171242356300354,
            -0.030947327613830568,
            0.0753164291381836,
            0.2545531392097473,
            0.13724803924560548,
            0.2092229723930359,
            0.03958010673522949,
            -0.1160351037979126,
            0.15243816375732423,
            -0.3505535125732422,
            0.2937382459640503,
            0.1914101243019104
        ],