{
    "type": "FaceSlimer",
    "id": "瘦脸",
    "name_en": "FaceSlimer",
    "name_cn": "瘦脸",
    "thumbnail": "thumbnail.jpg",
    "version": 1.0,
    "params": {
        "ratio": 0.800000011920929,
        "lamba": 20.0,
        "width": 1024,
        "height": 1024,
        "face_rect": [
            73,
            186,
            359,
            359
        ],
        "orien_angle": [
            -0.0033924200106412174,
            0.9999942779541016
        ],
        "left_length": 144.2033233642578,
        "center_length": 92.9044418334961,
        "right_length": 144.90916442871095,
        "max_length": 138.4219970703125,
        "control_points": [
            -0.30525028705596926,
            0.023199021816253663,
            -0.297924280166626,
            -0.10622715950012207,
            -0.2710622549057007,
            -0.23565328121185304,
            -0.23660379648208619,
            -0.35280871391296389,
            -0.1855372190475464,
            -0.4221247434616089,
            -0.12317806482315064,
            -0.48166775703430178,
            -0.2667381763458252,
            0.06562626361846924,
            -0.22726351022720338,
            0.10107386112213135,
            -0.06694740056991577,
            -0.22739839553833009,
            -0.034822165966033939,
            -0.2349158525466919,
            -0.21188658475875855,
            -0.006699204444885254,
            -0.16764628887176515,
            0.015093564987182618,
            -0.09797269105911255,
            -0.008306741714477539,
            -0.08237302303314209,
            -0.02804088592529297,
            -0.12798631191253663,
            -0.03205692768096924,
            -0.194757878780365,
            -0.02173459529876709,
            -0.21958380937576295,
            0.07280796766281128,
            -0.07405471801757813,
            0.048161983489990237,
            -0.14232033491134644,
            0.014808475971221924,
            -0.15105080604553224,
            -0.03414642810821533,
            -0.04295533895492554,
            -0.018970608711242677,
            -0.0667344331741333,
            -0.16273224353790284,
            -0.08513480424880982,
            -0.20091009140014649,
            -0.12199044227600098,
            -0.3030564785003662,
            -0.07689076662063599,
            -0.2927732467651367,
            -0.031201601028442384,
            -0.2846994400024414,
            -0.054472923278808597,
            -0.38020145893096926,
            -0.10872620344161987,
            -0.3066892623901367,
            -0.055803120136260989,
            -0.31123244762420657,
            -0.05737125873565674,
            -0.3273981809616089,
            -0.15441203117370606,
            0.3373047709465027,
            -0.19167941808700562,
            0.007757604122161865,
            -0.11828702688217163,
            0.006753861904144287,
            -0.10533374547958374,
            -0.028255939483642579,
            -0.1738709807395935,
            -0.03091418743133545,
            -0.07697641849517822,
            0.2534882426261902,
            -0.13601166009902955,
            0.20733189582824708,
            -0.04465442895889282,
            -0.11691796779632569,
            -0.17195314168930055,
            -0.3502010107040405,
            -0.28977513313293459,
            0.1883183717727661,
            -0.0018869638442993165,
            -0.5223532915115356,
            -0.0008557438850402832,
            -0.011775493621826172,
            -0.0014297962188720704,
            -0.0723104476928711,
            -0.002171814441680908,
            -0.19322431087493897,
            -0.00200575590133667,
            -0.2421891689300537,
            -0.0038283467292785646,
            -0.2902538776397705,
            -0.003170311450958252,
            -0.39036524295806887,
            -0.003203749656677246,
            -0.314994215965271,
            -0.0026601552963256838,
            -0.3351954221725464,
            0.0004609823226928711,
            0.16967177391052247,
            0.0017758607864379883,
            0.35111916065216067,
            -0.00035756826400756836,
            0.03625595569610596,
            0.11820924282073975,
            -0.48096323013305666,
            0.1809253692626953,
            -0.42184972763061526,
            0.2324514389038086,
            -0.35281193256378176,
            0.26728880405426028,
            -0.23565328121185304,
            0.29415082931518557,
            -0.10622715950012207,
            0.3014768362045288,
            0.023199021816253663,
            0.228371262550354,
            0.09921103715896607,
            0.26828527450561526,
            0.06244891881942749,
            0.030919909477233888,
            -0.23427927494049073,
            0.06297445297241211,
            -0.22645294666290284,
            0.07978105545043946,
            -0.027884721755981447,
            0.09561538696289063,
            -0.00843358039855957,
            0.16518747806549073,
            0.014587879180908203,
            0.20924603939056397,
            -0.007015585899353027,
            0.19215428829193116,
            -0.021973013877868654,
            0.12539052963256837,
            -0.031664252281188968,
            0.07358801364898682,
            0.048367202281951907,
            0.2207324504852295,
            0.070872962474823,
            0.1399317979812622,
            0.014333724975585938,
            0.14841985702514649,
            -0.03392767906188965,
            0.04177510738372803,
            -0.018884778022766115,
            0.06228303909301758,
            -0.16174018383026124,
            0.08120310306549072,
            -0.1998281478881836,
            0.023720264434814454,
            -0.28482234477996828,
            0.07197082042694092,
            -0.2929668426513672,
            0.1208871603012085,
            -0.3020625114440918,
            0.04986095428466797,
            -0.38001394271850588,
            0.05136311054229736,
            -0.31099021434783938,
            0.10681438446044922,
            -0.30597054958343508,
            0.05421876907348633,
            -0.3279256820678711,
            0.15017199516296388,
            0.33943164348602297,
            0.1891564130783081,
            0.007310390472412109,
            0.11598050594329834,
            0.006392538547515869,
            0.10276186466217041,
            -0.02789473533630371,
            0.171242356300354,
            -0.030947327613830568,
            0.0753164291381836,
            0.25455260276794436,
            0.13724815845489503,
            0.20922249555587769,
            0.03958010673522949,
            -0.1160351037979126,
            0.16908013820648194,
            -0.3496541976928711,
            0.2937382459640503,
            0.19141006469726563
        ],