{
    "type": "FaceSlimer",
    "id": "瘦脸",
    "name_en": "FaceSlimer",
    "name_cn": "瘦脸",
    "thumbnail": "thumbnail.jpg",
    "version": 1.0,
    "params": {
        "ratio": 0.800000011920929,
        "lamba": 20.0,
        "width": 1024,
        "height": 1024,
        "face_rect": [
            73,
            186,
            359,
            359
        ],
        "orien_angle": [
            -0.0033924200106412174,
            0.9999942779541016
        ],
        "left_length": 144.2033233642578,
        "center_length": 92.9044418334961,
        "right_length": 144.90916442871095,
        "max_length": 138.4219970703125,
        "control_points": [
            -0.32582610845565798,
            0.02407968044281006,
            -0.31315451860427859,
            -0.10627305507659912,
            -0.28418517112731936,
            -0.23311865329742433,
            -0.24231243133544923,
            -0.3505535125732422,
            -0.18819189071655274,
            -0.4218941926956177,
            -0.11931121349334717,
            -0.463714599609375,
            -0.2667381763458252,
            0.06562703847885132,
            -0.22726351022720338,
            0.10107421875,
            -0.066947340965271,
            -0.22739875316619874,
            -0.034822285175323489,
            -0.23491621017456056,
            -0.21188658475875855,
            -0.006699204444885254,
            -0.1676464080810547,
            0.015093743801116944,
            -0.09797269105911255,
            -0.008306622505187989,
            -0.08237302303314209,
            -0.02804100513458252,
            -0.12798619270324708,
            -0.03205692768096924,
            -0.19475781917572022,
            -0.02173435688018799,
            -0.21958386898040772,
            0.07280856370925904,
            -0.07405459880828858,
            0.048161983489990237,
            -0.1423201560974121,
            0.014808475971221924,
            -0.15105080604553224,
            -0.03414642810821533,
            -0.04295533895492554,
            -0.01897108554840088,
            -0.06673473119735718,
            -0.16273260116577149,
            -0.08513522148132324,
            -0.20091032981872559,
            -0.12199050188064575,
            -0.3030564785003662,
            -0.07689094543457031,
            -0.29277336597442629,
            -0.03120124340057373,
            -0.2846999168395996,
            -0.05447286367416382,
            -0.3802015781402588,
            -0.10872679948806763,
            -0.30668938159942629,
            -0.05580306053161621,
            -0.3112325668334961,
            -0.05737113952636719,
            -0.327398419380188,
            -0.18571937084197999,
            -0.1558300256729126,
            -0.15441149473190309,
            0.33730465173721316,
            -0.1916797161102295,
            0.007757782936096191,
            -0.11828696727752686,
            0.0067539215087890629,
            -0.10533392429351807,
            -0.028255820274353029,
            -0.17387109994888307,
            -0.0309140682220459,
            -0.07697606086730957,
            0.25348830223083498,
            -0.13601148128509522,
            0.20733201503753663,
            -0.04465454816818237,
            -0.11691820621490479,
            -0.1611316204071045,
            -0.34563350677490237,
            -0.28977519273757937,
            0.1883184313774109,
            -0.003690063953399658,
            -0.5055350065231323,
            -0.0008555054664611816,
            -0.011775851249694825,
            -0.0014297962188720704,
            -0.07231032848358154,
            -0.0021720528602600099,
            -0.19322478771209718,
            -0.002005934715270996,
            -0.24218964576721192,
            -0.0038277506828308107,
            -0.29025471210479739,
            -0.003170013427734375,
            -0.3903653621673584,
            -0.0032032132148742677,
            -0.31499457359313967,
            -0.0026601552963256838,
            -0.33519554138183596,
            0.00046122074127197266,
            0.16967159509658814,
            0.0017756223678588868,
            0.3511189818382263,
            -0.0003574490547180176,
            0.036255598068237308,
            0.11553776264190674,
            -0.463714599609375,
            0.1844184398651123,
            -0.4218941926956177,
            0.2385389804840088,
            -0.3505535125732422,
            0.28218984603881838,
            -0.23340046405792237,
            0.3128868341445923,
            -0.10749399662017822,
            0.3283810615539551,
            0.02214515209197998,
            0.22837114334106446,
            0.09921103715896607,
            0.2682849168777466,
            0.06244921684265137,
            0.030919790267944337,
            -0.23427963256835938,
            0.06297457218170166,
            -0.22645330429077149,
            0.0797814130783081,
            -0.027884840965270997,
            0.09561550617218018,
            -0.008433699607849121,
            0.16518747806549073,
            0.014587879180908203,
            0.20924603939056397,
            -0.007015585899353027,
            0.1921541690826416,
            -0.02197265625,
            0.12539076805114747,
            -0.03166401386260986,
            0.07358801364898682,
            0.04836702346801758,
            0.22073233127593995,
            0.070872962474823,
            0.1399315595626831,
            0.014333903789520264,
            0.14842009544372559,
            -0.03392767906188965,
            0.04177534580230713,
            -0.018884778022766115,
            0.06228327751159668,
            -0.16174018383026124,
            0.08120334148406983,
            -0.19982802867889405,
            0.023720622062683107,
            -0.28482282161712649,
            0.07197034358978272,
            -0.2929675579071045,
            0.12088668346405029,
            -0.30206298828125,
            0.04986131191253662,
            -0.38001394271850588,
            0.05136275291442871,
            -0.310990571975708,
            0.10681462287902832,
            -0.3059706687927246,
            0.05421888828277588,
            -0.3279261589050293,
            0.18307411670684815,
            -0.15579307079315186,
            0.15017199516296388,
            0.3394315242767334,
            0.1891564130783081,
            0.007310450077056885,
            0.11598074436187744,
            0.006392538547515869,
            0.10276174545288086,
            -0.02789449691772461,
            0.17124223709106446,
            -0.030947208404541017,
            0.07531654834747315,
            0.25455242395401,
            0.13724827766418458,
            0.20922249555587769,
            0.03957998752593994,
            -0.11603498458862305,
            0.15735816955566407,
            -0.34563350677490237,
            0.2937382459640503,
            0.19141024351119996
        ],