{
    "type": "FaceSlimer",
    "id": "瘦脸",
    "name_en": "FaceSlimer",
    "name_cn": "瘦脸",
    "thumbnail": "thumbnail.jpg",
    "version": 1.0,
    "params": {
        "ratio": 0.800000011920929,
        "lamba": 20.0,
        "width": 1024,
        "height": 1024,
        "face_rect": [
            73,
            186,
            359,
            359
        ],
        "orien_angle": [
            -0.0033924200106412174,
            0.9999942779541016
        ],
        "left_length": 144.2033233642578,
        "center_length": 92.9044418334961,
        "right_length": 144.90916442871095,
        "max_length": 138.4219970703125,
        "control_points": [
            -0.32582616806030276,
            0.02408003807067871,
            -0.313154399394989,
            -0.10627365112304688,
            -0.28418540954589846,
            -0.23311901092529298,
            -0.23660361766815186,
            -0.35280847549438479,
            -0.18553704023361207,
            -0.4221245050430298,
            -0.12317746877670288,
            -0.48166775703430178,
            -0.2667381167411804,
            0.06562745571136475,
            -0.22726362943649293,
            0.10107463598251343,
            -0.066947340965271,
            -0.22739851474761964,
            -0.034822046756744388,
            -0.23491573333740235,
            -0.21188658475875855,
            -0.006699323654174805,
            -0.1676464080810547,
            0.015093743801116944,
            -0.097972571849823,
            -0.008306622505187989,
            -0.08237302303314209,
            -0.02804100513458252,
            -0.12798631191253663,
            -0.03205668926239014,
            -0.19475781917572022,
            -0.02173447608947754,
            -0.2195836901664734,
            0.07280874252319336,
            -0.0740543007850647,
            0.04816240072250366,
            -0.14232021570205689,
            0.0148085355758667,
            -0.15105080604553224,
            -0.03414642810821533,
            -0.04295492172241211,
            -0.018970727920532228,
            -0.06673431396484375,
            -0.16273224353790284,
            -0.08513462543487549,
            -0.20090973377227784,
            -0.12199020385742188,
            -0.30305635929107668,
            -0.07689088582992554,
            -0.2927737236022949,
            -0.031200885772705079,
            -0.2846992015838623,
            -0.05447268486022949,
            -0.3802011013031006,
            -0.10872673988342285,
            -0.30668962001800539,
            -0.05580258369445801,
            -0.31123268604278567,
            -0.05737096071243286,
            -0.32739806175231936,
            -0.18571877479553224,
            -0.15582990646362306,
            -0.16851168870925904,
            0.3025830388069153,
            -0.1916797161102295,
            0.007757902145385742,
            -0.11828696727752686,
            0.0067539215087890629,
            -0.10533392429351807,
            -0.028255820274353029,
            -0.17387109994888307,
            -0.0309140682220459,
            -0.07865166664123535,
            0.23595505952835084,
            -0.044654250144958499,
            -0.11691749095916748,
            -0.17195314168930055,
            -0.350200891494751,
            -0.2734082341194153,
            0.1835206151008606,
            -0.0018867254257202149,
            -0.5223526954650879,
            -0.000855565071105957,
            -0.011775612831115723,
            -0.001429736614227295,
            -0.07231056690216065,
            -0.0021715760231018068,
            -0.19322431087493897,
            -0.002005636692047119,
            -0.2421891689300537,
            -0.0038276314735412599,
            -0.2902538776397705,
            -0.003170013427734375,
            -0.3903648853302002,
            -0.0032028555870056154,
            -0.31499385833740237,
            -0.0026601552963256838,
            -0.33519554138183596,
            0.000461578369140625,
            0.169671893119812,
            -0.001230001449584961,
            0.3444034457206726,
            -0.0003572702407836914,
            0.0362553596496582,
            0.1182093620300293,
            -0.48096227645874026,
            0.18092596530914308,
            -0.42184948921203616,
            0.2324512004852295,
            -0.3528127670288086,
            0.2821892499923706,
            -0.23340046405792237,
            0.3128868341445923,
            -0.10749423503875733,
            0.3283810615539551,
            0.022144615650177003,
            0.2283715009689331,
            0.09921115636825562,
            0.26828527450561526,
            0.06244927644729614,
            0.03092026710510254,
            -0.23427927494049073,
            0.06297481060028076,
            -0.22645282745361329,
            0.079781174659729,
            -0.027884840965270997,
            0.09561526775360108,
            -0.008433699607849121,
            0.16518747806549073,
            0.014587879180908203,
            0.20924592018127442,
            -0.0070154666900634769,
            0.19215428829193116,
            -0.02197253704071045,
            0.1253906488418579,
            -0.03166401386260986,
            0.07358777523040772,
            0.04836714267730713,
            0.2207326889038086,
            0.07087290287017822,
            0.1399315595626831,
            0.014333903789520264,
            0.14841997623443604,
            -0.03392767906188965,
            0.04177522659301758,
            -0.018884778022766115,
            0.06228327751159668,
            -0.16174006462097169,
            0.08120346069335938,
            -0.1998279094696045,
            0.02372133731842041,
            -0.2848222255706787,
            0.07197082042694092,
            -0.29296672344207766,
            0.1208869218826294,
            -0.3020625114440918,
            0.04986131191253662,
            -0.3800135850906372,
            0.05136370658874512,
            -0.3109903335571289,
            0.10681462287902832,
            -0.30597054958343508,
            0.05421900749206543,
            -0.32792508602142336,
            0.1830742359161377,
            -0.1557927131652832,
            0.16473817825317384,
            0.3025830388069153,
            0.18915629386901856,
            0.007310628890991211,
            0.11598050594329834,
            0.006392538547515869,
            0.10276174545288086,
            -0.02789449691772461,
            0.17124223709106446,
            -0.030947208404541017,
            0.07487821578979492,
            0.23595505952835084,
            0.03957998752593994,
            -0.1160348653793335,
            0.16908049583435059,
            -0.34965455532073977,
            0.2696347236633301,
            0.1835206151008606
        ],